[
    {
        "username": "thenothing6512",
        "value": 14
    },
    {
        "username": ".fmbot",
        "value": 4
    },
    {
        "username": "jesusfreak72",
        "value": 191
    },
    {
        "username": "jamescheung24578",
        "value": 4158
    },
    {
        "username": "artemis3548",
        "value": 847
    },
    {
        "username": "paliopolis",
        "value": 1579
    },
    {
        "username": "chaoticmoons",
        "value": 113
    },
    {
        "username": "zakkthecactus",
        "value": 1238
    },
    {
        "username": "bongohead0258",
        "value": 747
    },
    {
        "username": "potatochipbag",
        "value": 299
    },
    {
        "username": "phospholipase_c",
        "value": 494
    },
    {
        "username": "mee.5",
        "value": 133
    },
    {
        "username": "reminder-bot",
        "value": 2
    },
    {
        "username": "oh.noes",
        "value": 2710
    },
    {
        "username": ".sugarrush.",
        "value": 1
    },
    {
        "username": "Reminder",
        "value": 8
    },
    {
        "username": "epicmushroom.",
        "value": 5717
    },
    {
        "username": "hiyakabi",
        "value": 24
    },
    {
        "username": "m05hp0t",
        "value": 1455
    },
    {
        "username": "skits__",
        "value": 8
    },
    {
        "username": "acacii",
        "value": 8
    },
    {
        "username": "adityaxad",
        "value": 300
    },
    {
        "username": "luxfest",
        "value": 2
    },
    {
        "username": "xss0482",
        "value": 9
    },
    {
        "username": "ReallyHumorousBot",
        "value": 6
    }
]